{
  "submission": "sub_v2_clean_k100_valF1_0_0035_20260504_211534.csv",
  "pipeline": "BM25 + BGE-M3 (clean v2) + split (law/court) + RRF",
  "top_k": 100,
  "val_macro_f1": 0.0034988540870893813,
  "val_per_query_f1": {
    "val_001": 0.0,
    "val_002": 0.0,
    "val_003": 0.0,
    "val_004": 0.01818181818181818,
    "val_005": 0.0,
    "val_006": 0.0,
    "val_007": 0.016806722689075633,
    "val_008": 0.0,
    "val_009": 0.0,
    "val_010": 0.0
  },
  "topk_sweep": {
    "5": 0.0,
    "10": 0.0,
    "15": 0.0,
    "20": 0.0,
    "25": 0.0,
    "30": 0.0,
    "40": 0.0,
    "50": 0.0,
    "60": 0.0,
    "80": 0.0,
    "100": 0.0034988540870893813
  },
  "timestamp": "20260504_211534"
}