{
  "submission": "sub_v8_combined_oL15_oC3_t20_gw0.05_gC_pG_valF1_0_2214_20260507_055811.csv",
  "pipeline": "multi-view + court→law graph + court→BGE graph + Plan-G additional",
  "config": {
    "modes": [
      "orig",
      "kw",
      "hyde",
      "hyde_statute",
      "sub_q3",
      "trans_concise"
    ],
    "n_law_base": 15,
    "n_court_base": 3,
    "graph_w": 0.05,
    "bge_graph_w": 0.05,
    "graph_pool": 100,
    "bge_graph_pool": 100,
    "use_graph_c": true,
    "use_plan_g": true,
    "target_size": 20,
    "K_LAW": 200,
    "K_COURT": 200
  },
  "val_macro_f1": 0.22142559694437253,
  "val_per_query_f1": {
    "val_001": 0.16666666666666663,
    "val_002": 0.2181818181818182,
    "val_003": 0.029850746268656716,
    "val_004": 0.3333333333333333,
    "val_005": 0.3448275862068966,
    "val_006": 0.3157894736842105,
    "val_007": 0.358974358974359,
    "val_008": 0.12244897959183673,
    "val_009": 0.23529411764705882,
    "val_010": 0.08888888888888889
  }
}