{
  "submission": "sub_v4_agentic_qwen14b_oL25_oC15_gw0.05_valF1_0_1292_20260506_203218.csv",
  "pipeline": "Qwen3-14B-AWQ expansion (orig+kw+hyde) → BGE-M3 split dense → RRF → Graph 1-hop boost → quota output",
  "config": {
    "llm_model": "Qwen/Qwen3-14B-AWQ",
    "embedding_model": "BAAI/bge-m3",
    "max_seq_length": 256,
    "K_LAW": 200,
    "K_COURT": 200,
    "out_n_law": 25,
    "out_n_court": 15,
    "graph_pool": 100,
    "graph_w": 0.05,
    "modes": [
      "orig",
      "kw",
      "hyde"
    ]
  },
  "val_macro_f1": 0.12917013307495762,
  "val_per_query_f1": {
    "val_001": 0.0975609756097561,
    "val_002": 0.18421052631578944,
    "val_003": 0.02298850574712644,
    "val_004": 0.16000000000000003,
    "val_005": 0.15686274509803924,
    "val_006": 0.13793103448275865,
    "val_007": 0.23728813559322032,
    "val_008": 0.11594202898550725,
    "val_009": 0.14814814814814817,
    "val_010": 0.030769230769230767
  },
  "n_test_predictions": 40
}