{
  "submission": "sub_v6_multiview_oL15_oC10_gw0.05_valF1_0_1593_20260507_025514.csv",
  "pipeline": "Qwen3-14B-AWQ round-1 + multi-view (statute/sub_q3/concise) → BGE-M3 split dense → RRF → court→law graph boost",
  "config": {
    "llm_model": "Qwen/Qwen3-14B-AWQ",
    "embedding_model": "BAAI/bge-m3",
    "max_seq_length": 256,
    "K_LAW": 200,
    "K_COURT": 200,
    "graph_pool": 100,
    "graph_w": 0.05,
    "out_n_law": 15,
    "out_n_court": 10,
    "modes": [
      "orig",
      "kw",
      "hyde",
      "hyde_statute",
      "sub_q3",
      "trans_concise"
    ]
  },
  "val_macro_f1": 0.15930961877079744,
  "val_per_query_f1": {
    "val_001": 0.11940298507462685,
    "val_002": 0.19672131147540983,
    "val_003": 0.02777777777777778,
    "val_004": 0.22857142857142856,
    "val_005": 0.16666666666666666,
    "val_006": 0.13953488372093023,
    "val_007": 0.3181818181818182,
    "val_008": 0.11111111111111112,
    "val_009": 0.20512820512820512,
    "val_010": 0.08
  },
  "n_test_predictions": 40
}